,cost,fm,fc,scaling,bnds,dev,ct,a_0,cl1sa,lift_gain,cd0sa,cd1sa,m
0,1.4009768560333349,True,False,False,False,0.0,3.6272409230200326e-05,0.6770669416882328,0.15043076683927242,0.036230612267065976,-0.0011775098740400478,0.05666512869871533,6.302626838084551
