,cost,fm,fc,scaling,bnds,dev,ct,a_0,cl1sa,lift_gain,cd0sa,cd1sa,m
0,3.27147038972573,False,True,True,True,0.0,0.00030818408963581307,0.0,0.0,177.03991089599933,0.027974039642232745,0.0,48.382385730066936
