,cost,fm,fc,scaling,bnds,dev,ct,a_0,cl1sa,lift_gain,cd0sa,cd1sa,m
0,3.2719586553795796,True,False,True,True,0.0,7.451038679465598e-06,0.0,0.0,31.041805810021327,0.004512865083205043,0.0,31.513134190422754
