,cost,fm,fc,scaling,bnds,dev,ct,a_0,cl1sa,lift_gain,cd0sa,cd1sa,m
0,3.2719586554899203,False,False,True,True,0.0,7.21307252011804e-05,0.0,0.0,300.52377230831706,0.04369103344119641,0.0,82.29003939655456
