,cost,fm,fc,scaling,bnds,dev,ct,a_0,cl1sa,lift_gain,cd0sa,cd1sa,m
0,2.098398089217207,False,False,True,False,0.0,4.111700980439985e-05,0.0,-0.6096492161032535,2.234834027831527,0.01932469404803315,-0.19635943353745156,10.203813194508244
