,cost,fm,fc,scaling,bnds,dev,ct,a_0,cl1sa,lift_gain,cd0sa,cd1sa,m
0,1.9581554304490918,True,False,False,True,0.0,2.4554967408085178e-05,0.2,0.5453370874417062,2.1347902008924065,0.008077673487322069,0.2465608735425424,6.302626838084551
