,cost,fm,fc,scaling,bnds,dev,ct,a_0,cl1sa,lift_gain,cd0sa,cd1sa,m
0,1.4040263589428617,True,True,False,False,0.0,0.00030818408963581307,0.6976644811757412,0.14874104854617964,-0.23853225710566844,0.004253650516787351,0.053585801824789295,6.302626838084551
