,cost,fm,fc,scaling,bnds,dev,ct,a_0,cl1sa,lift_gain,cd0sa,cd1sa,m
0,3.325001164632861,True,True,True,True,0.0,0.00030818408963581307,0.0,0.0,31.727437860649385,0.020725215331084134,0.0,31.513134190422754
