,cost,fm,fc,scaling,bnds,dev,ct,a_0,cl1sa,lift_gain,cd0sa,cd1sa,m
0,1.956757265863413,True,True,False,True,0.0,0.00030818408963581307,0.2,0.528854304957866,7.120336858620268,0.018029218503755048,0.26702862527121013,6.302626838084551
