,cost,fm,fc,scaling,bnds,dev,ct,a_0,cl1sa,lift_gain,cd0sa,cd1sa,m
0,1.9679082614609782,False,False,False,True,0.0,4.3277955561865724e-05,0.2,0.9654533075327005,2.064852281799848,0.013733234159573688,0.4681119221788199,14.931432435736278
