,cost,fm,fc,scaling,bnds,dev,ct,a_0,cl1sa,lift_gain,cd0sa,cd1sa,m
0,2.1029824304798583,True,True,True,False,0.0,0.00030818408963581307,0.0,-0.51437158706833,1.5774667149696466,0.021978116196145116,-0.13685859372400255,6.302626838084551
