,cost,fm,fc,scaling,bnds,dev,ct,a_0,cl1sa,lift_gain,cd0sa,cd1sa,m
0,2.0962708887873576,False,True,True,False,0.0,0.00030818408963581307,0.0,-0.7072480721045877,2.560909651382231,0.022554518522828713,-0.2249148322152247,11.832630175042768
