,cost,fm,fc,scaling,bnds,dev,ct,a_0,cl1sa,lift_gain,cd0sa,cd1sa,m
0,2.0983980879265207,True,False,True,False,0.0,3.4252064221494974e-05,0.0,-0.5078605721966777,1.8604111015359825,0.016098153755981424,-0.16356792823169763,6.302626838084551
