,cost,fm,fc,scaling,bnds,dev,ct,a_0,cl1sa,lift_gain,cd0sa,cd1sa,m
0,1.4009767994318807,False,False,False,False,0.0,6.280340068176158e-05,-0.8936820836206174,-0.2602699769041786,0.0647932822973212,0.09601381742404864,-0.09803359835722042,14.707426013507586
