,cost,fm,fc,scaling,bnds,dev,ct,a_0,cl1sa,lift_gain,cd0sa,cd1sa,m
0,1.9329047855821138,False,True,False,True,0.0,0.00030818408963581307,0.2,0.9256950006879182,12.732387777865075,0.016518470335426118,0.42728083136283235,15.0
