,cost,fm,fc,scaling,bnds,dev,ct,a_0,cl1sa,lift_gain,cd0sa,cd1sa,m
0,1.3977088672616782,False,True,False,False,0.0,0.00030818408963581307,0.6783835732348272,0.1969943541656033,0.023968558579058385,-0.0009409596975889122,0.07278831823586368,11.141777083295537
