,cost,fm,fc,scaling,bnds,dev,ct,a_0,a_s,d_s,cl1sa,cl1fp,lift_gain,lift_shift,drag_shift,cd0fp,cd0sa,cd1sa,cd1fp,m
0,3.325001164609871,True,True,True,True,0.0,0.00028642853072985425,0.0,-0.054842931235178576,0.051635640256940875,0.0,0.0,31.727527201221967,0.0,0.0,0.02072508024736652,0.02214273706489307,0.0,0.0,27.276566414819577
