,cost,fm,fc,scaling,bnds,dev,ct,a_0,a_s,d_s,cl1sa,cl1fp,lift_gain,lift_shift,drag_shift,cd0fp,cd0sa,cd1sa,cd1fp,m
0,3.271470388243175,False,True,True,True,0.0,0.00028642853072985425,0.0,-0.16177746966332107,0.0,0.0,0.0,177.00893966565621,0.0,0.0,0.027980591423477866,0.33196964308583,0.0,0.0,48.37423873962912
