,cost,fm,fc,scaling,bnds,dev,ct,a_0,a_s,d_s,cl1sa,cl1fp,lift_gain,lift_shift,drag_shift,cd0fp,cd0sa,cd1sa,cd1fp,m
0,1.4009760571247352,True,False,False,False,0.0,3.627366181568702e-05,0.6769678406385189,0.8806540287932305,0.14351487067687652,0.1504442987075398,4.064934598559114,0.035877742355962604,0.04408368955550421,0.005963516665714975,1.0116629159670647,-0.0011709772350068034,0.05666322235066936,1.2438026844062886,5.455313282963916
