,cost,fm,fc,scaling,bnds,dev,ct,a_0,a_s,d_s,cl1sa,cl1fp,lift_gain,lift_shift,drag_shift,cd0fp,cd0sa,cd1sa,cd1fp,m
0,1.6409325492120148,True,True,True,False,0.0,0.00028642853072985425,0.0,-8.76262354720511,8.978842374156777,-1166.214848011479,-0.28063463703645175,-0.5034169468271372,0.0,0.0,0.020013098586727826,1.7582768142666179,412.4405386172905,-0.10008905148372628,5.455313282963916
