,cost,fm,fc,scaling,bnds,dev,ct,a_0,a_s,d_s,cl1sa,cl1fp,lift_gain,lift_shift,drag_shift,cd0fp,cd0sa,cd1sa,cd1fp,m
0,1.637996521903619,True,False,True,False,0.0,3.566252458619529e-05,0.0,-9.536438327064737,9.754965307316334,-1338.682407685327,-0.2702790122113002,-0.36483714624719404,0.0,0.0,0.01207943402757434,3.171010028686287,1006.3186078391717,-0.08369258267714746,5.455313282963916
