,cost,fm,fc,scaling,bnds,dev,ct,a_0,a_s,d_s,cl1sa,cl1fp,lift_gain,lift_shift,drag_shift,cd0fp,cd0sa,cd1sa,cd1fp,m
0,1.634798743603652,False,True,True,False,0.0,0.00028642853072985425,0.0,-16.602648143104943,16.820540078033027,-5326.673679920536,-0.36084555566038246,-0.4727156969887949,0.0,0.0,0.019391341875184917,6.610014973909186,2145.915217825014,-0.15705150012075694,11.28494434614683
