,cost,fm,fc,scaling,bnds,dev,ct,a_0,a_s,d_s,cl1sa,cl1fp,lift_gain,lift_shift,drag_shift,cd0fp,cd0sa,cd1sa,cd1fp,m
0,1.5591138042521637,True,True,False,False,0.0,0.00028642853072985425,0.30552073562060333,0.5063196625173205,-0.1293472395220232,0.3304819119371817,3.7471659433695237,2.044612788967443,0.016711141889833796,0.0017570338431248053,0.37666290264547814,0.011960976458096177,0.16407902518019968,1.1919065859221727,5.455313282963916
