,cost,fm,fc,scaling,bnds,dev,ct,a_0,a_s,d_s,cl1sa,cl1fp,lift_gain,lift_shift,drag_shift,cd0fp,cd0sa,cd1sa,cd1fp,m
0,1.9329047855137762,False,True,False,True,0.0,0.00028642853072985425,0.2,0.7853981633974483,0.7853981633974483,0.9256907772826066,3.168706405072755,12.732570713995294,-0.026479413130240156,-0.0028139557804052725,0.0,0.016518348441085164,0.42731328134010255,1.131508682888967,15.0
