,cost,fm,fc,scaling,bnds,dev,ct,a_0,a_s,d_s,cl1sa,cl1fp,lift_gain,lift_shift,drag_shift,cd0fp,cd0sa,cd1sa,cd1fp,m
0,3.1061490633919338,True,False,False,True,0.0,6.899299602657009e-05,0.16352154299340946,0.7853981633974483,0.0,0.7435403819176105,3.524756562002816,1.2979750110657542,0.004274604191289102,0.0002597865802940936,0.0,0.0,5.54377176504691,1.166475512253459,5.455313282963916
