,cost,fm,fc,scaling,bnds,dev,ct,a_0,a_s,d_s,cl1sa,cl1fp,lift_gain,lift_shift,drag_shift,cd0fp,cd0sa,cd1sa,cd1fp,m
0,1.6377579414173193,False,False,True,False,0.0,6.111204680073877e-07,0.0,-12.781166198369247,12.99874108696633,-41.19668541359411,-0.004658962114498808,-0.005733397819130787,0.0,0.0,0.00029001059544578464,-0.030889565317705106,7.229043886397149,-0.0029678744039134263,0.1455833162404123
