,cost,fm,fc,scaling,bnds,dev,ct,a_0,a_s,d_s,cl1sa,cl1fp,lift_gain,lift_shift,drag_shift,cd0fp,cd0sa,cd1sa,cd1fp,m
0,3.268849055233926,False,False,True,True,0.0,3.56375156508395e-05,0.0,0.15833804396089093,0.0328218659312174,0.0,0.0,127.93291099924181,0.0,0.0,0.0,0.023785995236394002,0.0,0.0,34.86627774925723
