,cost,fm,fc,scaling,bnds,dev,ct,a_0,a_s,d_s,cl1sa,cl1fp,lift_gain,lift_shift,drag_shift,cd0fp,cd0sa,cd1sa,cd1fp,m
0,3.2719586553798687,True,False,True,True,0.0,7.451181952096964e-06,0.0,-0.16177746966332107,0.0,0.0,0.0,31.04183289788868,0.0,0.0,0.004512908368123637,0.0,0.0,0.0,27.276566414819577
