,cost,fm,fc,scaling,bnds,dev,ct,a_0,a_s,d_s,cl1sa,cl1fp,lift_gain,lift_shift,drag_shift,cd0fp,cd0sa,cd1sa,cd1fp,m
0,1.3981703028417864,False,True,False,False,0.0,0.00028642853072985425,0.6576153900711956,0.7648446053745126,0.0009695576777504072,0.208317921146708,4.717283610030746,0.04449318996285926,0.1065322559700077,0.010887979159867786,1.5828114455183129,-0.0019427588757972446,0.08067501216221994,1.2936929265307267,11.578150662961253
