,cost,fm,fc,scaling,bnds,dev,ct,a_0,a_s,d_s,cl1sa,cl1fp,lift_gain,lift_shift,drag_shift,cd0fp,cd0sa,cd1sa,cd1fp,m
0,1.9346069730995683,False,False,False,True,0.0,1.4633784716219005e-05,0.2,0.7853981633974483,0.7853981633974483,0.3083707832800087,1.0759514706756672,4.2472627018157665,-0.25673265207113993,-0.015302186059692465,0.0,0.004929446040634319,0.14191369297386655,1.014842082966329,5.000000566006754
