,cost,fm,fc,scaling,bnds,dev,ct,a_0,a_s,d_s,cl1sa,cl1fp,lift_gain,lift_shift,drag_shift,cd0fp,cd0sa,cd1sa,cd1fp,m
0,2.2001287984492017,False,False,False,False,0.0,-1.639831472403167e-05,0.21479973412811493,0.2863450839705777,-0.03690254630306945,0.611682851566296,3.860980563684915,2.0153637688248587,0.030022805410885162,0.0036044059035515033,0.5711100729399156,-0.027753753714265198,0.10473319637085646,1.211208986676187,10.592304512528628
