,cost,fm,fc,scaling,bnds,dev,ct,a_0,a_s,d_s,cl1sa,cl1fp,lift_gain,lift_shift,drag_shift,cd0fp,cd0sa,cd1sa,cd1fp,m
0,1.9567572658637797,True,True,False,True,0.0,0.00028642853072985425,0.2,0.7853981633974483,0.5405197783761467,0.5288540318796899,3.3242519898318315,7.120310073421166,-0.013090727788652168,-0.0013779871239642382,0.0,0.018029236144552558,0.2670273880490499,1.1479425295018328,5.455313282963916
