,cost,fm,fc,scaling,bnds,dev,ct,a_0,cl1sa,lift_gain,cd0sa,cd1sa,m
0,9.636163912203717e-09,True,False,True,True,0.0,0.00039999999849748847,0.0,4.999999994492874,2.499999960787801,0.02499999869669967,4.550000906071603,60.421663438289
