,cost,fm,fc,scaling,bnds,dev,ct,a_0,cl1sa,lift_gain,cd0sa,cd1sa,m
0,7.554496364702992e-06,False,False,False,False,0.0,0.0005308021812952199,-4.0250910789578526e-07,6.635110924301118,3.3174644823269492,0.03317525167376608,6.037974571749855,11.279610469894287
