,cost,fm,fc,scaling,bnds,dev,ct,a_0,cl1sa,lift_gain,cd0sa,cd1sa,m
0,0.020428256616300097,False,False,False,True,0.0,0.0005624530682409223,6.216514743252406e-05,6.944167137059687,3.3800897911596137,0.03904460955977226,3.56751725348171,11.830769068881507
