,cost,fm,fc,scaling,bnds,dev,ct,a_0,cl1sa,lift_gain,cd0sa,cd1sa,m
0,0.15744141558997718,True,False,False,True,0.0,0.00040501755279773546,-0.0084117647347628,6.465935511114908,3.4093373769832676,0.028613001430967393,3.5457974623666026,12.0843326876578
