,cost,fm,fc,scaling,bnds,dev,ct,a_0,cl1sa,lift_gain,cd0sa,cd1sa,m
0,6.052894392576145e-06,False,False,True,False,0.0,0.00044660729855260756,0.0,5.582570456873036,2.7912763511530203,0.02791334762035515,5.079618749254094,9.49037090051435
