,cost,fm,fc,scaling,bnds,dev,ct,a_0,cl1sa,lift_gain,cd0sa,cd1sa,m
0,9.487481792565468e-06,True,False,False,False,0.0,0.00039998616949298975,-6.825910492192888e-09,5.000000878204274,2.4999895640391525,0.02499905972668496,4.550042860060456,12.0843326876578
