,cost,fm,fc,scaling,bnds,dev,ct,a_0,cl1sa,lift_gain,cd0sa,cd1sa,m
0,1.1364494398509017e-08,True,True,True,False,0.0,0.0004946550686957188,0.0,4.999999977236125,2.4999997426296128,0.025000000985019904,4.549999311754304,12.0843326876578
