,cost,fm,fc,scaling,bnds,dev,ct,a_0,cl1sa,lift_gain,cd0sa,cd1sa,m
0,7.280063240614697e-07,True,True,False,True,0.0,0.0004946550686957188,-4.6848731797300396e-08,5.000005974386759,2.4999978647380443,0.02499997955967267,4.5500263524293985,12.0843326876578
