,cost,fm,fc,scaling,bnds,dev,ct,a_0,cl1sa,lift_gain,cd0sa,cd1sa,m
0,0.22824850972949745,False,True,True,True,0.0,0.0004946550686957188,0.0,35.690760371678834,17.837746316130012,0.06852832317495278,17.94207606098495,60.421663438289
