,cost,fm,fc,scaling,bnds,dev,ct,a_0,cl1sa,lift_gain,cd0sa,cd1sa,m
0,2.8561849875251057e-07,False,True,True,False,0.0,0.0004946550686957188,0.0,4.999995433833459,2.5000006555433734,0.02500000333437375,4.549998258700196,8.499992112926803
