,cost,fm,fc,scaling,bnds,dev,ct,a_0,cl1sa,lift_gain,cd0sa,cd1sa,m
0,7.771043000445678e-07,False,True,False,False,0.0,0.0004946550686957188,-4.6177828784680115e-08,5.000008197779877,2.4999968568031314,0.024999961339509175,4.550024713365996,8.500005990457606
