,cost,fm,fc,scaling,bnds,dev,ct,a_0,cl1sa,lift_gain,cd0sa,cd1sa,m
0,0.00021978517694208063,False,True,False,True,0.0,0.0004946550686957188,8.414839450478927e-07,4.998804820870347,2.499382941208637,0.025031533956215792,4.527740364266564,8.498168578171857
