,cost,fm,fc,scaling,bnds,dev,ct,a_0,cl1sa,lift_gain,cd0sa,cd1sa,m
0,2.2691420922420563e-08,True,False,True,False,0.0,0.0003999999948701133,0.0,4.999999974122598,2.5000005025850123,0.024999999635911957,4.549999534660662,12.0843326876578
