,cost,fm,fc,scaling,bnds,dev,ct,a_0,cl1sa,lift_gain,cd0sa,cd1sa,m
0,2.1192842767768315e-08,True,True,True,True,0.0,0.0004946550686957188,0.0,4.999999974024246,2.500000101335586,0.024999997539224706,4.550001378862066,60.421663438289
