,cost,fm,fc,scaling,bnds,dev,ct,a_0,cl1sa,lift_gain,cd0sa,cd1sa,m
0,8.134150560278997e-07,True,True,False,False,0.0,0.0004946550686957188,-5.220885656190578e-08,5.000005655312647,2.49999690350238,0.024999968983322834,4.550030679265545,12.0843326876578
