,cost,fm,fc,scaling,bnds,dev,ct,a_0,cl1sa,lift_gain,cd0sa,cd1sa,m
0,0.21940627250076875,False,False,True,True,0.0,0.0004946550686957188,0.0,35.68499819697553,17.835024924942086,0.07275813445580945,18.49980424316943,60.421663438289
