,cost,fm,fc,scaling,bnds,dev,ct,a_0,a_s,d_s,cl1sa,cl1fp,lift_gain,lift_shift,drag_shift,cd0fp,cd0sa,cd1sa,cd1fp,m
0,2.0747474402497117e-05,False,False,False,False,0.0,0.00033433762286422876,-5.609240570572928e-07,0.36516693856900806,0.3055768763042164,4.179175333439871,5.474855783977045,2.089148493696816,0.0,0.0,0.022442899226485083,0.02089551095322918,3.8037792643825363,1.2338676522376724,7.10453831531064
