,cost,fm,fc,scaling,bnds,dev,ct,a_0,a_s,d_s,cl1sa,cl1fp,lift_gain,lift_shift,drag_shift,cd0fp,cd0sa,cd1sa,cd1fp,m
0,0.006918578981759015,False,True,False,True,0.0,0.0003127718570461309,7.057721123158278e-06,0.36516693856900806,0.3055768763042164,4.973766000404964,5.474855783977045,2.5274668695358598,0.0,0.0,0.022442899226485083,0.025945898215933044,3.866989178761213,1.2338676522376724,8.454624694256065
