,cost,fm,fc,scaling,bnds,dev,ct,a_0,a_s,d_s,cl1sa,cl1fp,lift_gain,lift_shift,drag_shift,cd0fp,cd0sa,cd1sa,cd1fp,m
0,0.01920554895851342,True,False,False,True,0.0,0.00040296941221761577,0.0003395864925482417,0.36516693856900806,0.3055768763042164,4.935202092044301,5.474855783977045,1.7869215937410279,0.0,0.0,0.022442899226485083,0.02647370725298026,3.525158479231878,1.2338676522376724,7.564392823664137
