,cost,fm,fc,scaling,bnds,dev,ct,a_0,a_s,d_s,cl1sa,cl1fp,lift_gain,lift_shift,drag_shift,cd0fp,cd0sa,cd1sa,cd1fp,m
0,6.255988304472921e-08,True,True,True,True,0.0,0.0003127718570461309,0.0,0.28680144288556775,0.23999951742606082,5.000000089841643,5.474855783977045,2.500001184730065,0.0,0.0,0.022442899226485083,0.025000003990548834,4.54999557288135,1.2338676522376724,37.821964118320686
