,cost,fm,fc,scaling,bnds,dev,ct,a_0,a_s,d_s,cl1sa,cl1fp,lift_gain,lift_shift,drag_shift,cd0fp,cd0sa,cd1sa,cd1fp,m
0,9.940534901342742e-06,True,False,False,False,0.0,0.0003999853010129558,-5.419871786112267e-08,0.36516693856900806,0.3055768763042164,5.000007095326553,5.474855783977045,2.5000092539972356,0.0,0.0,0.022442899226485083,0.02499926836033333,4.549944018726009,1.2338676522376724,7.564392823664137
