,cost,fm,fc,scaling,bnds,dev,ct,a_0,a_s,d_s,cl1sa,cl1fp,lift_gain,lift_shift,drag_shift,cd0fp,cd0sa,cd1sa,cd1fp,m
0,0.2189385540885739,False,False,True,True,0.0,0.0003127718570461309,0.0,0.28680144288556775,0.23999951742606082,22.33742661949049,5.474862779059732,11.163977986079574,0.0,0.0,0.022442899226485083,0.045686025552079734,11.598183325966598,1.2338676522376724,37.821964118320686
