,cost,fm,fc,scaling,bnds,dev,ct,a_0,a_s,d_s,cl1sa,cl1fp,lift_gain,lift_shift,drag_shift,cd0fp,cd0sa,cd1sa,cd1fp,m
0,1.3395492448705787e-08,True,False,True,False,0.0,0.0003999999982215938,0.0,0.36516693856900806,0.3055768763042164,4.999999959612624,5.474855783977045,2.4999996683027987,0.0,0.0,0.022442899226485083,0.02499999948594356,4.55000025782611,1.2338676522376724,7.564392823664137
