,cost,fm,fc,scaling,bnds,dev,ct,a_0,a_s,d_s,cl1sa,cl1fp,lift_gain,lift_shift,drag_shift,cd0fp,cd0sa,cd1sa,cd1fp,m
0,4.1287248779039064e-06,False,False,True,False,0.0,0.00034833528481787243,0.0,0.36516693856900806,0.3055768763042164,4.354163443545379,5.474855783977045,2.177060210748113,0.0,0.0,0.022442899226485083,0.021771242192042784,3.962087991414053,1.2338676522376724,7.402071760949089
