,cost,fm,fc,scaling,bnds,dev,ct,a_0,a_s,d_s,cl1sa,cl1fp,lift_gain,lift_shift,drag_shift,cd0fp,cd0sa,cd1sa,cd1fp,m
0,0.05792268238064649,True,False,True,True,0.0,0.0003127718570461309,0.0,0.28680144288556775,0.23999951742606082,5.0053050258508245,5.474855783977045,2.502375747239446,0.0,0.0,0.022442899226485083,0.02110219366097355,4.035871377111159,1.2338676522376724,37.821964118320686
