,cost,fm,fc,scaling,bnds,dev,ct,a_0,a_s,d_s,cl1sa,cl1fp,lift_gain,lift_shift,drag_shift,cd0fp,cd0sa,cd1sa,cd1fp,m
0,0.20592117612694644,False,True,True,True,0.0,0.0003127718570461309,0.0,0.28680144288556775,0.23999951742606082,22.332137292679477,5.474845113401858,11.161720097989393,0.0,0.0,0.022442899226485083,0.04958144191623052,12.113160198485591,1.2338660681911517,37.821964118320686
