,cost,fm,fc,scaling,bnds,dev,ct,a_0,a_s,d_s,cl1sa,cl1fp,lift_gain,lift_shift,drag_shift,cd0fp,cd0sa,cd1sa,cd1fp,m
0,6.671931081498617e-07,True,True,False,True,0.0,0.0003127718570461309,-3.078235278842589e-08,0.36516693856900806,0.3055768763042164,5.000004789165873,5.474855783977045,2.5000114788943613,0.0,0.0,0.022442899226485083,0.025000049721085726,4.549965658250842,1.2338676522376724,7.564392823664137
