,cost,fm,fc,scaling,bnds,dev,ct,a_0,a_s,d_s,cl1sa,cl1fp,lift_gain,lift_shift,drag_shift,cd0fp,cd0sa,cd1sa,cd1fp,m
0,7.077862873282826e-07,False,True,False,False,0.0,0.0003127718570461309,-4.5956323216070566e-08,0.36516693856900806,0.3055768763042164,5.000006431582812,5.474855783977045,2.4999984301649687,0.0,0.0,0.022442899226485083,0.024999972160283452,4.550020272253744,1.2338676522376724,8.500001195152667
