,cost,fm,fc,scaling,bnds,dev,ct,a_0,a_s,d_s,cl1sa,cl1fp,lift_gain,lift_shift,drag_shift,cd0fp,cd0sa,cd1sa,cd1fp,m
0,1.1402324851868391e-07,True,True,False,False,0.0,0.0003127718570461309,1.0145094025386836,0.36516693856900806,0.3055768763042164,3.6390270300077665,5.000000019375943,2.5000435667646514,-8.758151152145574e-06,-2.5715572060497454e-07,0.024999982042085964,-0.034847876293976954,3.530894056342714,4.550009830428279,7.564392823664137
