,cost,fm,fc,scaling,bnds,dev,ct,a_0,a_s,d_s,cl1sa,cl1fp,lift_gain,lift_shift,drag_shift,cd0fp,cd0sa,cd1sa,cd1fp,m
0,0.009409192199022668,False,False,False,True,0.0,0.000343418562604683,0.00016149997226725705,0.36516693856900806,0.3055768763042164,4.252485020229274,5.474855783977045,1.8167822710006312,0.0,0.0,0.022442899226485083,0.021914774942869274,3.5195250240251617,1.2338676522376724,7.27519072543415
