,cost,fm,fc,scaling,bnds,dev,ct,a_0,a_s,d_s,cl1sa,cl1fp,lift_gain,lift_shift,drag_shift,cd0fp,cd0sa,cd1sa,cd1fp,m
0,1.225455884849539e-08,True,True,True,False,0.0,0.0003127718570461309,0.0,0.36516693856900806,0.3055768763042164,4.999999964144857,5.474855783977045,2.4999997008828587,0.0,0.0,0.022442899226485083,0.02499999954171511,4.5500003160356215,1.2338676522376724,7.564392823664137
