,cost,fm,fc,scaling,bnds,dev,ct,a_0,a_s,d_s,cl1sa,cl1fp,lift_gain,lift_shift,drag_shift,cd0fp,cd0sa,cd1sa,cd1fp,m
0,2.1014800565451623e-07,False,True,True,False,0.0,0.0003127718570461309,0.0,0.36516693856900806,0.3055768763042164,4.999996311269573,5.474855783977045,2.4999985033188348,0.0,0.0,0.022442899226485083,0.025000000502736146,4.549999074367387,1.2338676522376724,8.499993856844283
