{"g": [0.0, 0.0, 9.81], "mode": [1, 1, 1, 1], "wind_X": 0, "wind_Y": 0, "wind_Z": 0, "masse": 8.5, "inertie": [[1.38, 0.0, 0.0], [0.0, 0.84, 0.0], [0.0, 0.0, 2.17]], "aire": [0.10493624, 0.10493624, 0.0021964000000000003, 0.021964, 0.21628080000000002], "cp_list": [[-0.0, 0.5, 0.0], [-0.0, -0.5, 0.0], [-1.0, 0.85, -0.134], [-1.0, -0.85, -0.134], [0.0, 0.0, 0.0]], "alpha0": [0.0, 0.0, 0.0, 0.0, 0.0], "alpha_stall": 0.2617993877991494, "largeur_stall": 0.2617993877991494, "cd0sa": 0.025, "cd1sa": 4.55, "cl1sa": 5, "cd0fp": 0.025, "cd1fp": 2.0, "cl1fp": 3.65, "coeff_drag_shift": 0.0, "coeff_lift_shift": 0.0, "coeff_lift_gain": 2.5, "Ct": 0.0004, "Cq": 0, "Ch": 0, "rotor_moy_speed": 150}