,cost,fm,fc,scaling,bnds,dev,ct,a_0,cl1sa,lift_gain,cd0sa,cd1sa,m
0,0.055326514488891525,True,True,True,False,0.0,0.0002749962424848238,0.0,4.9998831438107825,2.5000863685154737,0.025094713110737108,4.520481169280218,5.921553186708554
