,cost,fm,fc,scaling,bnds,dev,ct,a_0,cl1sa,lift_gain,cd0sa,cd1sa,m
0,0.05531205338601865,False,False,True,False,0.0,0.000431043741324506,0.0,5.392520746993011,2.696782606502401,0.027062584492144236,4.860796518064333,9.167341130968163
