,cost,fm,fc,scaling,bnds,dev,ct,a_0,cl1sa,lift_gain,cd0sa,cd1sa,m
0,0.16003645341557843,False,True,True,True,0.0,0.0002749962424848238,0.0,17.47966949833851,8.936145039217159,0.05953748505380768,8.658754166353125,29.60776593354277
