,cost,fm,fc,scaling,bnds,dev,ct,a_0,cl1sa,lift_gain,cd0sa,cd1sa,m
0,0.055326514491577015,True,True,True,True,0.0,0.0002749962424848238,0.0,4.999883128468226,2.5000856225205297,0.025094744481002053,4.520474064751621,29.60776593354277
