,cost,fm,fc,scaling,bnds,dev,ct,a_0,cl1sa,lift_gain,cd0sa,cd1sa,m
0,0.05530422480395789,False,True,False,True,0.0,0.0002749962424848238,6.4839170273260695e-06,5.003966435665911,2.502696909382205,0.02512783999460638,4.505094458482303,8.507702599777035
