,cost,fm,fc,scaling,bnds,dev,ct,a_0,cl1sa,lift_gain,cd0sa,cd1sa,m
0,0.09599954717765218,True,False,True,True,0.0,0.0002749962424848238,0.0,5.006425214956874,2.5490372112678985,0.02236436745975311,2.9956941989436414,29.60776593354277
