,cost,fm,fc,scaling,bnds,dev,ct,a_0,cl1sa,lift_gain,cd0sa,cd1sa,m
0,0.05530432393368055,True,False,False,False,0.0,0.00039960549913895834,6.629915351754554e-06,4.999427968530267,2.500478538679157,0.02510653088750977,4.499078668283595,5.921553186708554
