,cost,fm,fc,scaling,bnds,dev,ct,a_0,cl1sa,lift_gain,cd0sa,cd1sa,m
0,0.05531205334655297,True,False,True,False,0.0,0.0003996654209487265,0.0,4.999969624257222,2.5004708207035815,0.02509260659027374,4.506937458996257,5.921553186708554
