,cost,fm,fc,scaling,bnds,dev,ct,a_0,cl1sa,lift_gain,cd0sa,cd1sa,m
0,0.055320087623916055,True,True,False,False,0.0,0.0002749962424848238,5.604459460254926e-06,4.99941147107737,2.4999462680310347,0.02511012447159146,4.5147030588902375,5.921553186708554
