,cost,fm,fc,scaling,bnds,dev,ct,a_0,cl1sa,lift_gain,cd0sa,cd1sa,m
0,0.07477191257975346,True,False,False,True,0.0,0.0003815764429022597,-0.0001266478219919544,5.064172507819351,3.5242963658509696,0.025181995022451907,3.2630690465998353,5.921553186708554
