,cost,fm,fc,scaling,bnds,dev,ct,a_0,cl1sa,lift_gain,cd0sa,cd1sa,m
0,0.05532008746272137,True,True,False,True,0.0,0.0002749962424848238,5.635919903035831e-06,4.999409121383457,2.499946091019367,0.0251103781571271,4.5146387093261895,5.921553186708554
