,cost,fm,fc,scaling,bnds,dev,ct,a_0,cl1sa,lift_gain,cd0sa,cd1sa,m
0,0.08403832595059689,False,False,False,True,0.0,0.0003471279351530579,-0.00017147838787099373,4.560139559234316,3.555077334828101,0.022364689899217347,3.227576653262762,7.631883936208665
