,cost,fm,fc,scaling,bnds,dev,ct,a_0,cl1sa,lift_gain,cd0sa,cd1sa,m
0,0.17515845286598877,False,False,True,True,0.0,0.0002749962424848238,0.0,17.48875688238731,8.942691239992193,0.054543756067562295,8.442192982381263,29.60776593354277
