,cost,fm,fc,scaling,bnds,dev,ct,a_0,cl1sa,lift_gain,cd0sa,cd1sa,m
0,0.055304224523649685,False,True,False,False,0.0,0.0002749962424848238,6.460084963910009e-06,5.003976200861235,2.5027092346664688,0.025127995044975177,4.505033548318243,8.507717424606556
