,cost,fm,fc,scaling,bnds,dev,ct,a_0,cl1sa,lift_gain,cd0sa,cd1sa,m
0,0.05530439545139939,False,False,False,False,0.0,0.0003663392196667245,5.781468398471398e-06,4.583065100369056,2.292221929304234,0.023007287060528805,4.127501207663213,7.791988968451116
