,cost,fm,fc,scaling,bnds,dev,ct,a_0,cl1sa,lift_gain,cd0sa,cd1sa,m
0,0.05531205338280397,False,True,True,False,0.0,0.0002749962424848238,0.0,5.004148032571054,2.502559662105774,0.02511353963207102,4.5107407352587705,8.507103546412186
