,cost,fm,fc,scaling,bnds,dev,ct,a_0,a_s,d_s,cl1sa,cl1fp,lift_gain,lift_shift,drag_shift,cd0fp,cd0sa,cd1sa,cd1fp,m
0,0.060455488952627486,True,False,True,True,0.0,0.00027024971479152796,0.0,0.25388482526301254,0.2155228370921107,5.014568668646681,3.635680192197891,2.54373823771412,0.0,0.0,0.059546518300594264,0.01896419000125911,4.329736720223566,1.9273207425637546,58.33864441061217
