,cost,fm,fc,scaling,bnds,dev,ct,a_0,a_s,d_s,cl1sa,cl1fp,lift_gain,lift_shift,drag_shift,cd0fp,cd0sa,cd1sa,cd1fp,m
0,4.7825876736768465e-06,True,False,False,False,0.0,0.00039999031784492277,-4.932296277464336e-08,0.2617982521941443,0.2618001105913602,5.000003760140703,3.649999427307655,2.500006170268173,6.612406997163182e-06,-0.000149933390281594,0.02500336739330192,0.02499956802276794,4.549966860958827,1.9999971000509766,11.667728882122434
