,cost,fm,fc,scaling,bnds,dev,ct,a_0,a_s,d_s,cl1sa,cl1fp,lift_gain,lift_shift,drag_shift,cd0fp,cd0sa,cd1sa,cd1fp,m
0,0.008106120088794388,True,True,False,True,0.0,0.00027024971479152796,-4.794933409318421e-08,0.197677446655286,0.6429174639123832,5.000005986466946,3.6635615390727256,2.50000649372251,-0.10349687427443095,0.0435152043422012,0.019966841515688245,0.024999455268294776,4.550198061644203,1.7056762325261856,11.667728882122434
