,cost,fm,fc,scaling,bnds,dev,ct,a_0,a_s,d_s,cl1sa,cl1fp,lift_gain,lift_shift,drag_shift,cd0fp,cd0sa,cd1sa,cd1fp,m
0,0.01634912824246031,False,False,False,True,0.0,0.000523639474740789,0.00015177811353383772,0.44079224305216125,0.0,6.468914453157737,4.779589683718115,2.579909356554892,0.2643471793383802,0.003369673891917752,0.02358217526981824,0.032658641521912495,6.032265734184169,2.761840947459561,11.093816983414229
