,cost,fm,fc,scaling,bnds,dev,ct,a_0,a_s,d_s,cl1sa,cl1fp,lift_gain,lift_shift,drag_shift,cd0fp,cd0sa,cd1sa,cd1fp,m
0,7.435935154023652e-09,True,True,True,False,0.0,0.00027024971479152796,0.0,0.26179941127193684,0.2617993458017467,4.999999968286224,3.6499999803130176,2.499999882258628,0.0,0.0,0.025000022707338924,0.02499999993620206,4.549999968205765,1.999999956763204,11.667728882122434
