,cost,fm,fc,scaling,bnds,dev,ct,a_0,a_s,d_s,cl1sa,cl1fp,lift_gain,lift_shift,drag_shift,cd0fp,cd0sa,cd1sa,cd1fp,m
0,0.0536683963544226,True,True,False,False,0.0,0.00027024971479152796,0.5576239785604041,-0.5177911797142544,0.8425185115299463,4.9907476111573,4.9993061002541,2.4784774501760336,0.003987210541182109,-0.01161296355471899,0.02516467030142891,-1.2652203671567492,6.161816113716007,4.432873369734746,11.667728882122434
