,cost,fm,fc,scaling,bnds,dev,ct,a_0,a_s,d_s,cl1sa,cl1fp,lift_gain,lift_shift,drag_shift,cd0fp,cd0sa,cd1sa,cd1fp,m
0,0.05481478239917291,False,True,False,False,0.0,0.00027024971479152796,1.0427230229181312,0.0853360675621555,0.0009697411395217635,3.7065947193614464,5.049774623442605,2.528242176952423,-0.0010312662431252533,-0.03432858593976367,0.02527921793141871,-0.24326913174713113,6.104911730091762,4.297805686567039,8.584831759107676
