,cost,fm,fc,scaling,bnds,dev,ct,a_0,a_s,d_s,cl1sa,cl1fp,lift_gain,lift_shift,drag_shift,cd0fp,cd0sa,cd1sa,cd1fp,m
0,0.1662541751948789,False,False,True,True,0.0,0.00027024971479152796,0.0,0.25388482526301254,0.2155228370921107,34.58741482251919,24.72392291161732,17.969619866369488,0.0,0.0,0.8197000639349197,0.05774183641946705,26.759488530288117,12.29033939107738,58.33864441061217
