,cost,fm,fc,scaling,bnds,dev,ct,a_0,a_s,d_s,cl1sa,cl1fp,lift_gain,lift_shift,drag_shift,cd0fp,cd0sa,cd1sa,cd1fp,m
0,0.0017045147129390464,True,True,True,True,0.0,0.00027024971479152796,0.0,0.25388482526301254,0.2155228370921107,4.9999998831505845,3.6504390444746657,2.499999467352108,0.0,0.0,0.022590331041481625,0.025000002468809332,4.549999671676777,2.0056803869270454,58.33864441061217
