,cost,fm,fc,scaling,bnds,dev,ct,a_0,a_s,d_s,cl1sa,cl1fp,lift_gain,lift_shift,drag_shift,cd0fp,cd0sa,cd1sa,cd1fp,m
0,1.1640120389727259e-05,False,False,False,False,0.0,0.0005182046711285894,-2.611221534325555e-08,0.2618058439659521,0.26185781531760755,6.4775991851600745,4.728637954329018,3.2387908468155295,0.0035330173170812413,-0.0050973697760674395,0.0322627263156253,0.03238790290301658,5.894582016402646,2.5912350777846704,11.011916615361116
