,cost,fm,fc,scaling,bnds,dev,ct,a_0,a_s,d_s,cl1sa,cl1fp,lift_gain,lift_shift,drag_shift,cd0fp,cd0sa,cd1sa,cd1fp,m
0,0.15758073014495838,False,True,True,True,0.0,0.00027024971479152796,0.0,0.25388482526301254,0.2155228370921107,34.574595479973006,24.743201874976627,17.938092078433964,0.0,0.0,0.7861051596900877,0.06355965507221158,27.01228719903668,12.368424661706456,58.33864441061217
