,cost,fm,fc,scaling,bnds,dev,ct,a_0,a_s,d_s,cl1sa,cl1fp,lift_gain,lift_shift,drag_shift,cd0fp,cd0sa,cd1sa,cd1fp,m
0,0.015089952965651897,False,True,False,True,0.0,0.00027024971479152796,-9.688701965478237e-09,0.4044174047916422,0.00624487542074377,5.0000023130858455,3.4185873290085453,2.500004097644446,-0.18044405003316633,0.017766006880013507,0.0,0.025000005397128072,4.550000525097331,2.7940466547840686,8.500002640347748
