,cost,fm,fc,scaling,bnds,dev,ct,a_0,a_s,d_s,cl1sa,cl1fp,lift_gain,lift_shift,drag_shift,cd0fp,cd0sa,cd1sa,cd1fp,m
0,6.692233638355099e-06,False,False,True,False,0.0,0.00040555995068175684,0.0,0.26181375951167096,0.26176578054649197,5.069513305236604,3.7006901947453588,2.534801855742088,0.0,0.0,0.025451636992688473,0.025347782794337224,4.613184541281784,2.0276042542535078,8.618165362396754
