,cost,fm,fc,scaling,bnds,dev,ct,a_0,a_s,d_s,cl1sa,cl1fp,lift_gain,lift_shift,drag_shift,cd0fp,cd0sa,cd1sa,cd1fp,m
0,1.621207480225183e-07,False,True,True,False,0.0,0.00027024971479152796,0.0,0.26179933807025885,0.2618000683919568,4.999997084878415,3.64999782187446,2.4999989451167592,0.0,0.0,0.02500032913949608,0.025000007692336613,4.549999105342666,1.9999981915479719,8.499994939518825
