,cost,fm,fc,scaling,bnds,dev,ct,a_0,a_s,d_s,cl1sa,cl1fp,lift_gain,lift_shift,drag_shift,cd0fp,cd0sa,cd1sa,cd1fp,m
0,8.581825221914133e-09,True,False,True,False,0.0,0.00039999999699535005,0.0,0.2617993904600736,0.26179939158032683,4.999999963393549,3.6499999606896116,2.499999851836606,0.0,0.0,0.02500000476629421,0.02499999983387152,4.549999950660662,1.9999999671380078,11.667728882122434
