,cost,fm,fc,scaling,bnds,dev,ct,a_0,a_s,d_s,cl1sa,cl1fp,lift_gain,lift_shift,drag_shift,cd0fp,cd0sa,cd1sa,cd1fp,m
0,0.057386557286340636,True,False,False,True,0.0,0.00040794861578805693,-0.00015620280349542854,0.14433950102988452,0.22035751107039261,5.022012074731671,4.923868767017756,2.6604183880117125,-0.010746094577645483,-0.001988371412019421,0.0,0.021057731923347166,6.039059690550976,2.8579667531552135,11.667728882122434
