,cost,fm,fc,scaling,bnds,dev,ct,a_0,cl1sa,lift_gain,cd0sa,cd1sa,m
0,0.5291974496996525,True,True,False,False,0.0,0.0005475943264127605,0.021252409012548414,3.177303440472234,-1.140225454636124,0.03129857489063129,2.124294484166465,4.840097525062926
