,cost,fm,fc,scaling,bnds,dev,ct,a_0,cl1sa,lift_gain,cd0sa,cd1sa,m
0,0.5688495985193583,False,False,True,False,0.0,0.00044248057364687824,0.0,4.042875086602593,-1.4942590031329028,0.03830401492458235,2.5029355859701585,9.409741678470546
