,cost,fm,fc,scaling,bnds,dev,ct,a_0,cl1sa,lift_gain,cd0sa,cd1sa,m
0,0.5352015069710218,False,False,False,True,0.0,0.0007016073007876909,0.021380344113272904,5.843595737547493,2.485963758741654,0.04974964069454801,3.765239433501537,15.0
