,cost,fm,fc,scaling,bnds,dev,ct,a_0,cl1sa,lift_gain,cd0sa,cd1sa,m
0,0.5891605030207234,False,False,True,True,0.0,0.0005475943264127605,0.0,10.531014542068602,-3.144963314276119,0.048080208854454985,6.005876638374335,24.20048762531463
