,cost,fm,fc,scaling,bnds,dev,ct,a_0,cl1sa,lift_gain,cd0sa,cd1sa,m
0,0.5375878965657825,True,False,False,True,0.0,0.00039340681743687585,0.021782276155826955,3.3177057616264563,1.8389177237626544,0.02866264337086067,1.95410782495575,5.0
