,cost,fm,fc,scaling,bnds,dev,ct,a_0,cl1sa,lift_gain,cd0sa,cd1sa,m
0,0.5291819923545763,False,True,False,False,0.0,0.0005475943264127605,0.021281260177037506,3.131703163962752,-1.134172071937172,0.0313531643975922,2.1014602583065467,8.383522242505943
