,cost,fm,fc,scaling,bnds,dev,ct,a_0,cl1sa,lift_gain,cd0sa,cd1sa,m
0,0.5688496389687088,True,True,True,True,0.0,0.0005475943264127605,0.0,3.651941599004442,-1.3498961110654375,0.03462629810302119,2.261193693488008,24.20048762531463
