,cost,fm,fc,scaling,bnds,dev,ct,a_0,cl1sa,lift_gain,cd0sa,cd1sa,m
0,0.5688496390828193,True,True,True,False,0.0,0.0005475943264127605,0.0,3.651929400390574,-1.3500593631424296,0.03462486332110711,2.261251165024597,4.840097525062926
