,cost,fm,fc,scaling,bnds,dev,ct,a_0,cl1sa,lift_gain,cd0sa,cd1sa,m
0,0.5291819924036529,False,False,False,False,0.0,0.0003975493393345622,0.021281004727626424,3.1125874571427694,-1.127159546655033,0.031160480520795838,2.0886089935235135,8.332303848410733
