,cost,fm,fc,scaling,bnds,dev,ct,a_0,cl1sa,lift_gain,cd0sa,cd1sa,m
0,0.5291819923569774,False,True,False,True,0.0,0.0005475943264127605,0.021281302300312843,3.1316936632665833,-1.1342099593093682,0.031353492775782796,2.1014466480739102,8.383502344970852
