,cost,fm,fc,scaling,bnds,dev,ct,a_0,cl1sa,lift_gain,cd0sa,cd1sa,m
0,0.5688495985553537,True,False,True,False,0.0,0.00039972427175204216,0.0,3.6520250432030776,-1.3495070365003348,0.034605356005369306,2.2608505080392556,4.840097525062926
