,cost,fm,fc,scaling,bnds,dev,ct,a_0,cl1sa,lift_gain,cd0sa,cd1sa,m
0,0.529181992408664,True,False,False,False,0.0,0.00040554815979423274,0.02128130835326901,3.175208575944877,-1.1499007466352886,0.03178781850776504,2.1306631143867896,4.840097525062926
