,cost,fm,fc,scaling,bnds,dev,ct,a_0,cl1sa,lift_gain,cd0sa,cd1sa,m
0,0.5996529852137223,False,True,True,True,0.0,0.0005475943264127605,0.0,10.550660666745804,-3.0505395786199903,0.03612152783075649,5.968805333933173,24.20048762531463
