,cost,fm,fc,scaling,bnds,dev,ct,a_0,cl1sa,lift_gain,cd0sa,cd1sa,m
0,0.5291974496992947,True,True,False,True,0.0,0.0005475943264127605,0.021252399474350866,3.177306272114345,-1.1402105721406066,0.03129856300389289,2.1242946658813553,5.0
