,cost,fm,fc,scaling,bnds,dev,ct,a_0,cl1sa,lift_gain,cd0sa,cd1sa,m
0,0.5688495992596827,True,False,True,True,0.0,0.0003997319958988201,0.0,3.6519872315604345,-1.3502545827034043,0.03460685386422982,2.2608075415327353,24.20048762531463
