,cost,fm,fc,scaling,bnds,dev,ct,a_0,cl1sa,lift_gain,cd0sa,cd1sa,m
0,0.5688495983533246,False,True,True,False,0.0,0.0005475943264127605,0.0,3.6546530334717224,-1.3503758882196928,0.03462536843381713,2.262545053302128,8.506116632537193
