,cost,fm,fc,scaling,bnds,dev,ct,a_0,a_s,d_s,cl1sa,cl1fp,lift_gain,lift_shift,drag_shift,cd0fp,cd0sa,cd1sa,cd1fp,m
0,0.5627126033362735,False,True,False,True,0.0,0.00021413530935402087,-0.04092281508262602,-0.19356196901747538,0.16826575710122663,4.030784946698732,3.8325155065649903,2.8328142126043745,-1.8978215503295792,-0.7908424034774821,0.02876412788609969,0.0,4.609575365728043,2.176860801440607,8.8253490763448
