,cost,fm,fc,scaling,bnds,dev,ct,a_0,a_s,d_s,cl1sa,cl1fp,lift_gain,lift_shift,drag_shift,cd0fp,cd0sa,cd1sa,cd1fp,m
0,0.5674761753919751,False,False,False,True,0.0,0.0004371626852125796,0.2,-0.5411527079759145,0.0,3.6013004204867936,4.032497557946092,1.8525779507232136,-1.0282735090244548,-0.027841514228102736,0.03860916534245626,0.0,4.592474799341854,2.4093130427938783,9.32667193643452
