,cost,fm,fc,scaling,bnds,dev,ct,a_0,a_s,d_s,cl1sa,cl1fp,lift_gain,lift_shift,drag_shift,cd0fp,cd0sa,cd1sa,cd1fp,m
0,0.5627125992231627,False,True,False,False,0.0,0.00021413530935402087,-0.8863912128879203,-0.41153279985382357,0.33783127564518445,6.493778823906932,3.8332704017237758,2.8355531491636468,-1.8980457372624278,-0.7907320464510047,0.028763638599904533,0.06904102700079559,4.62789459598288,2.1770454041092524,8.826661140161756
