,cost,fm,fc,scaling,bnds,dev,ct,a_0,a_s,d_s,cl1sa,cl1fp,lift_gain,lift_shift,drag_shift,cd0fp,cd0sa,cd1sa,cd1fp,m
0,0.5627125992783464,True,False,False,False,0.0,0.00038518863277651344,-0.0025673107320133984,-0.19723992304479807,-0.12974788464061418,5.135764227498085,3.691409289283458,2.7306510517841853,-1.8980322644608034,-0.7907327103820923,0.02769858609914453,0.045780569165452825,4.611170114462549,2.096465059979998,5.771447240865214
