,cost,fm,fc,scaling,bnds,dev,ct,a_0,a_s,d_s,cl1sa,cl1fp,lift_gain,lift_shift,drag_shift,cd0fp,cd0sa,cd1sa,cd1fp,m
0,0.5666931298984023,False,True,True,False,0.0,0.00021413530935402087,0.0,0.32744546547478487,0.5265327725554885,3.61532811130792,3.4095000173458425,-1.2285750577279826,0.0,0.0,0.037103968900804654,0.030266733764424975,3.071463602096837,1.9104733483753877,8.317849719257916
