,cost,fm,fc,scaling,bnds,dev,ct,a_0,a_s,d_s,cl1sa,cl1fp,lift_gain,lift_shift,drag_shift,cd0fp,cd0sa,cd1sa,cd1fp,m
0,0.5843998255596048,True,False,True,True,0.0,0.00021413530935402087,0.0,0.2289059370899479,0.25526941637433676,3.706220900319338,3.666384220202603,-1.1386016865719446,0.0,0.0,0.12208058836837843,0.016551615430320528,2.5186002990226335,1.7671453487033584,28.85723620432607
