,cost,fm,fc,scaling,bnds,dev,ct,a_0,a_s,d_s,cl1sa,cl1fp,lift_gain,lift_shift,drag_shift,cd0fp,cd0sa,cd1sa,cd1fp,m
0,0.6024368174429472,False,True,True,True,0.0,0.00021413530935402087,0.0,0.06336512723771646,0.25526941637433676,12.32757013030561,13.063011775893793,-4.243015340243422,0.0,0.0,0.4768076431425494,0.05118149420721135,0.0,5.824259265694503,28.85723620432607
