,cost,fm,fc,scaling,bnds,dev,ct,a_0,a_s,d_s,cl1sa,cl1fp,lift_gain,lift_shift,drag_shift,cd0fp,cd0sa,cd1sa,cd1fp,m
0,0.5124055584369954,True,False,False,True,0.0,0.0003982281976976355,0.06369018867401677,-0.03548043334605032,0.14306212101541532,5.895742809394372,3.708418015517516,1.7846465464296233,-0.838205588594657,-0.1390534668844389,0.031007456019234894,0.02180324136885554,4.621094092116969,2.499873710315775,5.771447240865214
