,cost,fm,fc,scaling,bnds,dev,ct,a_0,a_s,d_s,cl1sa,cl1fp,lift_gain,lift_shift,drag_shift,cd0fp,cd0sa,cd1sa,cd1fp,m
0,0.5628192408413477,True,True,False,False,0.0,0.00021413530935402087,-1.1565258866020458,-1.5975961264409637,-0.5233546468839468,6.508228653142701,3.6871726800484885,2.7065240708352296,-1.8893750081601797,-0.7752179648295252,0.029101127770575178,0.11127262648249661,4.629087528906107,2.1114926958221307,5.771447240865214
