,cost,fm,fc,scaling,bnds,dev,ct,a_0,a_s,d_s,cl1sa,cl1fp,lift_gain,lift_shift,drag_shift,cd0fp,cd0sa,cd1sa,cd1fp,m
0,0.5627125992858102,False,False,False,False,0.0,0.00038822025818055164,-0.031267650853748157,-1.0580441454600553,-0.20351452273331083,4.193769380538413,3.7204807001240616,2.7522774846786544,-1.898083643188898,-0.790721187001068,0.027916566921302215,0.0590554200813386,4.606938181308529,2.112980479067381,8.566904937841603
