,cost,fm,fc,scaling,bnds,dev,ct,a_0,a_s,d_s,cl1sa,cl1fp,lift_gain,lift_shift,drag_shift,cd0fp,cd0sa,cd1sa,cd1fp,m
0,0.5628192410500436,True,True,False,True,0.0,0.00021413530935402087,0.09160774479149628,-0.7853981633974483,0.0,2.6104510016029847,3.6871837626382296,2.706339983856894,-1.8893419526116695,-0.775303839951767,0.029099393590385367,0.21337508456261006,4.602395576837457,2.111533360605665,5.771447240865214
