,cost,fm,fc,scaling,bnds,dev,ct,a_0,a_s,d_s,cl1sa,cl1fp,lift_gain,lift_shift,drag_shift,cd0fp,cd0sa,cd1sa,cd1fp,m
0,0.6152420506843163,False,False,True,True,0.0,0.00021413530935402087,0.0,0.06977071687635193,0.25526941637433676,12.343653383842895,13.108208667690757,-4.19505571869978,0.0,0.0,0.49928245055021464,0.038545116948686675,0.0,5.7340149089129975,28.85723620432607
