,cost,fm,fc,scaling,bnds,dev,ct,a_0,a_s,d_s,cl1sa,cl1fp,lift_gain,lift_shift,drag_shift,cd0fp,cd0sa,cd1sa,cd1fp,m
0,0.5666931263769667,True,False,True,False,0.0,0.00040875959754467896,0.0,0.3270462452277829,0.5280909161889276,3.694508478318019,3.483974859767119,-1.255296508843242,0.0,0.0,0.0377177365987352,0.03093145286913833,3.13837045206975,1.9526467581831122,5.771447240865214
