,cost,fm,fc,scaling,bnds,dev,ct,a_0,a_s,d_s,cl1sa,cl1fp,lift_gain,lift_shift,drag_shift,cd0fp,cd0sa,cd1sa,cd1fp,m
0,0.5672420971149708,True,True,True,True,0.0,0.00021413530935402087,0.0,0.22896501494554228,0.25526941637433676,3.6723116302416243,3.602420546582567,-1.3694102108055288,0.0,0.0,0.06663592310274989,0.029780232499224953,3.223718051768605,1.9499527217211465,28.85723620432607
