,cost,fm,fc,scaling,bnds,dev,ct,a_0,a_s,d_s,cl1sa,cl1fp,lift_gain,lift_shift,drag_shift,cd0fp,cd0sa,cd1sa,cd1fp,m
0,0.566729398412593,True,True,True,False,0.0,0.00021413530935402087,0.0,0.3319157794959017,0.5179490668627348,3.696756708843503,3.4853429697828555,-1.2416886192315282,0.0,0.0,0.040982510999939215,0.03028203463181403,3.108409997777701,1.9435698165576187,5.771447240865214
