,cost,fm,fc,scaling,bnds,dev,ct,a_0,a_s,d_s,cl1sa,cl1fp,lift_gain,lift_shift,drag_shift,cd0fp,cd0sa,cd1sa,cd1fp,m
0,0.5666934267139683,False,False,True,False,0.0,0.000517707212373495,0.0,0.3247838143133367,0.5323809877236407,4.678084475334628,4.411127405105533,-1.5881410422993447,0.0,0.0,0.044518141531852434,0.03916822823654563,3.975437160822124,2.4798775910218747,10.76273981071223
