,cost,fm,fc,scaling,bnds,dev,ct,a_0,cl1sa,lift_gain,cd0sa,cd1sa,m
0,1.1364745926276663,False,False,True,False,0.0,0.0020318528797879797,0.0,14.035815216851612,-66.78841472275774,0.1666151306958085,4.0905327478331746,44.66648682005002
