,cost,fm,fc,scaling,bnds,dev,ct,a_0,cl1sa,lift_gain,cd0sa,cd1sa,m
0,1.1364745925260327,True,False,True,False,0.0,0.00038664657518219233,0.0,2.6709872979488867,-12.709950174877013,0.0317031946766494,0.7788125931791334,7.1022444942835845
