,cost,fm,fc,scaling,bnds,dev,ct,a_0,cl1sa,lift_gain,cd0sa,cd1sa,m
0,0.6459859743598515,True,True,False,False,0.0,0.000454822171392572,0.2879033234730311,0.589636818867198,-4.838852502789443,0.025647755997065234,0.08134361810299047,7.1022444942835845
