,cost,fm,fc,scaling,bnds,dev,ct,a_0,cl1sa,lift_gain,cd0sa,cd1sa,m
0,1.1364745924690438,True,False,True,True,0.0,0.0003866463385589519,0.0,2.670982772165474,-12.709745602656799,0.03170388823014672,0.778745130737622,35.51122247141792
