,cost,fm,fc,scaling,bnds,dev,ct,a_0,cl1sa,lift_gain,cd0sa,cd1sa,m
0,0.6689068834142212,True,True,False,True,0.0,0.000454822171392572,0.19859743530784332,0.8315874584545981,1.5581169334122071,0.034646085201297694,0.0,7.1022444942835845
