,cost,fm,fc,scaling,bnds,dev,ct,a_0,cl1sa,lift_gain,cd0sa,cd1sa,m
0,1.136538310466623,True,True,True,True,0.0,0.000454822171392572,0.0,2.6692130711410833,-12.721941932066617,0.03287875527070194,0.7794546818758358,35.51122247141792
