,cost,fm,fc,scaling,bnds,dev,ct,a_0,cl1sa,lift_gain,cd0sa,cd1sa,m
0,0.6502626438974941,True,False,False,True,0.0,0.00038924050151381936,0.2,0.7821653720091549,-4.558447147117553,0.026301352211848678,0.12259269511143682,7.1022444942835845
