,cost,fm,fc,scaling,bnds,dev,ct,a_0,cl1sa,lift_gain,cd0sa,cd1sa,m
0,0.6459605094422244,False,True,False,False,0.0,0.000454822171392572,0.2875153903401748,0.6011250550483177,-4.929138907617926,0.025519657729378677,0.08280461722374201,8.656720853527137
