,cost,fm,fc,scaling,bnds,dev,ct,a_0,cl1sa,lift_gain,cd0sa,cd1sa,m
0,0.6459605094949054,False,False,False,False,0.0,0.000722410905760604,0.28750886184796925,1.0856938678646537,-8.902222477689747,0.04608884748450565,0.14955307184481262,15.634642383879171
