,cost,fm,fc,scaling,bnds,dev,ct,a_0,cl1sa,lift_gain,cd0sa,cd1sa,m
0,1.1622378252974896,False,False,True,True,0.0,0.000454822171392572,0.0,11.255468859512119,-53.24763660961105,0.034635684416932544,3.260680673028496,35.51122247141792
