,cost,fm,fc,scaling,bnds,dev,ct,a_0,cl1sa,lift_gain,cd0sa,cd1sa,m
0,0.6459605096045992,True,False,False,False,0.0,0.00039274055838091473,0.2875128957833111,0.5902459579716792,-4.839934712360315,0.025056493223500478,0.08130333517832411,7.1022444942835845
