,cost,fm,fc,scaling,bnds,dev,ct,a_0,cl1sa,lift_gain,cd0sa,cd1sa,m
0,1.1364745930355102,False,True,True,False,0.0,0.000454822171392572,0.0,2.763017896384189,-13.147046648358225,0.03280109154511513,0.8049239803613383,8.792826082535965
