,cost,fm,fc,scaling,bnds,dev,ct,a_0,cl1sa,lift_gain,cd0sa,cd1sa,m
0,1.1365383104912796,True,True,True,False,0.0,0.000454822171392572,0.0,2.6692064820121746,-12.722219473204746,0.032878796879522644,0.7794133138091274,7.1022444942835845
