,cost,fm,fc,scaling,bnds,dev,ct,a_0,cl1sa,lift_gain,cd0sa,cd1sa,m
0,0.6751728655917177,False,True,False,True,0.0,0.000454822171392572,0.19461620359841666,1.2453977634484228,2.1427601664066223,0.0322764869595557,0.01237707674245744,12.572868510929109
