,cost,fm,fc,scaling,bnds,dev,ct,a_0,cl1sa,lift_gain,cd0sa,cd1sa,m
0,1.164548461720903,False,True,True,True,0.0,0.000454822171392572,0.0,11.258266595098636,-53.28635135798458,0.030361819935857622,3.2399138427734986,35.51122247141792
