,cost,fm,fc,scaling,bnds,dev,ct,a_0,cl1sa,lift_gain,cd0sa,cd1sa,m
0,0.6502626438657921,False,False,False,True,0.0,0.0006868969443014786,0.2,1.3802920580640259,-8.044623067364824,0.04641260204572551,0.21636740094006907,15.0
