,cost,fm,fc,scaling,bnds,dev,ct,a_0,a_s,d_s,cl1sa,cl1fp,lift_gain,lift_shift,drag_shift,cd0fp,cd0sa,cd1sa,cd1fp,m
0,1.1364748433278495,True,False,True,False,0.0,0.0003866330929223245,0.0,0.33258837962275806,0.36607866446914245,2.670820099290939,2.979688222756195,-12.708659889830779,0.0,0.0,0.025741054111094275,0.03170283316816441,0.7786139833342401,1.7193866645426745,5.227883935739637
