,cost,fm,fc,scaling,bnds,dev,ct,a_0,a_s,d_s,cl1sa,cl1fp,lift_gain,lift_shift,drag_shift,cd0fp,cd0sa,cd1sa,cd1fp,m
0,0.650255281461229,False,False,False,True,0.0,0.0006868994211139541,0.2,0.33252072230063834,0.36606061903376885,1.3802494675795058,2.9797068026434093,-8.046132505038297,-8.704440062866752e-06,1.8721113111802122e-07,0.025725668584357094,0.04641414615205022,0.2163437927861698,1.719386247360594,14.999999931853683
