,cost,fm,fc,scaling,bnds,dev,ct,a_0,a_s,d_s,cl1sa,cl1fp,lift_gain,lift_shift,drag_shift,cd0fp,cd0sa,cd1sa,cd1fp,m
0,1.1365387056809615,True,True,True,False,0.0,0.0002737296866541974,0.0,0.33258837962275806,0.36607866446914245,2.6690236534904193,2.979688222756195,-12.7215232937292,0.0,0.0,0.025741054111094275,0.03287910986772099,0.7793312222104322,1.7193866645426745,5.227883935739637
