,cost,fm,fc,scaling,bnds,dev,ct,a_0,a_s,d_s,cl1sa,cl1fp,lift_gain,lift_shift,drag_shift,cd0fp,cd0sa,cd1sa,cd1fp,m
0,1.134612593022692,True,True,False,False,0.0,0.0002737296866541974,0.9507414351081968,0.33258837962275806,0.36607866446914245,4.498435811989614,2.690764544974842,-3.98914427851011,-3.8338291262531987,-2.959231673855733,0.030834612842892295,-0.4400889748569387,6.221403846464884,0.5878225663208195,5.227883935739637
