,cost,fm,fc,scaling,bnds,dev,ct,a_0,a_s,d_s,cl1sa,cl1fp,lift_gain,lift_shift,drag_shift,cd0fp,cd0sa,cd1sa,cd1fp,m
0,1.1364748437069172,False,False,True,False,0.0,0.0010015181285260655,0.0,0.33258837962275806,0.36607866446914245,6.917900369186322,2.979688222756195,-32.917405272013475,0.0,0.0,0.025741054111094275,0.08212663281942213,2.016090232899256,1.7193866645426745,22.01665126859961
