,cost,fm,fc,scaling,bnds,dev,ct,a_0,a_s,d_s,cl1sa,cl1fp,lift_gain,lift_shift,drag_shift,cd0fp,cd0sa,cd1sa,cd1fp,m
0,0.6379573126661119,True,False,False,False,0.0,0.0003875357803884593,0.9531207398459475,-0.4202363374135223,2.6553142939028285,0.735012752407065,1.4414095182601112,-6.9729889800273295,14.59098010519204,-4.895440314748283,0.15420231338748763,0.07528386472185344,-0.27608761948018323,0.07223769612907896,5.227883935739637
