,cost,fm,fc,scaling,bnds,dev,ct,a_0,a_s,d_s,cl1sa,cl1fp,lift_gain,lift_shift,drag_shift,cd0fp,cd0sa,cd1sa,cd1fp,m
0,1.134409462690949,False,True,False,False,0.0,0.0002737296866541974,-0.9668323722539761,0.33258837962275806,0.36607866446914245,4.540271053535194,2.8665976772937856,-4.245790976073345,-3.8239217772635827,-3.1291978871869723,0.03036748054815837,-0.025997111218456485,6.22350613405631,0.6155302923334849,9.045055773443089
