,cost,fm,fc,scaling,bnds,dev,ct,a_0,a_s,d_s,cl1sa,cl1fp,lift_gain,lift_shift,drag_shift,cd0fp,cd0sa,cd1sa,cd1fp,m
0,0.6505071206289338,True,True,False,True,0.0,0.0002737296866541974,0.19850271177246848,0.3324229188607438,0.3660646893908575,0.784800402442221,2.979690009054016,-4.765692273610688,-1.0095967552194563e-06,-1.4283333096175764e-08,0.025740865770197515,0.02583823869386584,0.1393617829719103,1.7193866685055548,5.227883935739637
