,cost,fm,fc,scaling,bnds,dev,ct,a_0,a_s,d_s,cl1sa,cl1fp,lift_gain,lift_shift,drag_shift,cd0fp,cd0sa,cd1sa,cd1fp,m
0,1.1657656066342383,False,False,True,True,0.0,0.0002737296866541974,0.0,0.2612143025230475,0.2875175107330552,8.288070293964616,2.979688222756195,-39.23869835386436,0.0,0.0,0.025741054111094275,0.020742979503121862,2.3764797647284936,1.7193866645426745,26.139419678698186
