,cost,fm,fc,scaling,bnds,dev,ct,a_0,a_s,d_s,cl1sa,cl1fp,lift_gain,lift_shift,drag_shift,cd0fp,cd0sa,cd1sa,cd1fp,m
0,0.6376595341243118,False,False,False,False,0.0,0.0015387540869162776,1.0863517798428728,-0.4146519901554998,2.837742481262935,3.4774658442546724,6.173922968369263,-30.537175449780335,13.81323835706267,1.1504411376803347,-9.259985547164897,-12.693901214395172,30.731332725384146,36.71837838928355,33.689382299200425
