,cost,fm,fc,scaling,bnds,dev,ct,a_0,a_s,d_s,cl1sa,cl1fp,lift_gain,lift_shift,drag_shift,cd0fp,cd0sa,cd1sa,cd1fp,m
0,1.1586794580312532,False,True,True,True,0.0,0.0002737296866541974,0.0,0.2612143025230475,0.2875175107330552,8.281291284335973,2.9796223238970088,-39.15148260378097,0.0,0.0,0.025741054111094275,0.03061423345821931,2.4227364966206117,1.7193866645426745,26.139419678698186
