,cost,fm,fc,scaling,bnds,dev,ct,a_0,a_s,d_s,cl1sa,cl1fp,lift_gain,lift_shift,drag_shift,cd0fp,cd0sa,cd1sa,cd1fp,m
0,0.639245803072541,False,True,False,True,0.0,0.0002737296866541974,0.2,-0.42818073183170363,0.7647347088179319,11.46761037866882,2.1129997860138645,-15.664646522911617,7.6935852211834765,0.464211970276617,0.031590581676859145,0.03337369468938729,0.0,0.6972928067712327,8.744472417920672
