,cost,fm,fc,scaling,bnds,dev,ct,a_0,a_s,d_s,cl1sa,cl1fp,lift_gain,lift_shift,drag_shift,cd0fp,cd0sa,cd1sa,cd1fp,m
0,1.1409660441915344,True,False,True,True,0.0,0.0002737296866541974,0.0,0.2612143025230475,0.2875175107330552,2.6823660092613184,2.979688222756195,-12.67411824132417,0.0,0.0,0.025741054111094275,0.02182614199849696,0.790675902521491,1.7193866645426745,26.139419678698186
