,cost,fm,fc,scaling,bnds,dev,ct,a_0,a_s,d_s,cl1sa,cl1fp,lift_gain,lift_shift,drag_shift,cd0fp,cd0sa,cd1sa,cd1fp,m
0,1.1364748433271357,False,True,True,False,0.0,0.0002737296866541974,0.0,0.33258837962275806,0.36607866446914245,2.7631589977651845,2.979688222756195,-13.147992041119839,0.0,0.0,0.025741054111094275,0.03279880777309103,0.8055451724145515,1.7193866645426745,8.793866096369932
