,cost,fm,fc,scaling,bnds,dev,ct,a_0,a_s,d_s,cl1sa,cl1fp,lift_gain,lift_shift,drag_shift,cd0fp,cd0sa,cd1sa,cd1fp,m
0,1.1365387056395087,True,True,True,True,0.0,0.0002737296866541974,0.0,0.2612143025230475,0.2875175107330552,2.6690288861102562,2.979688222756195,-12.721293838532475,0.0,0.0,0.025741054111094275,0.03287841013687179,0.7793932074332904,1.7193866645426745,26.139419678698186
