,cost,fm,fc,scaling,bnds,dev,ct,a_0,a_s,d_s,cl1sa,cl1fp,lift_gain,lift_shift,drag_shift,cd0fp,cd0sa,cd1sa,cd1fp,m
0,0.6506228360646104,True,False,False,True,0.0,0.00038890704642387545,0.2,0.3321660711735479,0.36604388234631263,0.7819434521416296,2.9796928282938877,-4.560540100283562,-2.909377455787608e-06,-1.8942690005474814e-08,0.0257400705459803,0.03305851981096925,0.00011445055583256352,1.719386190614322,5.227883935739637
